Fuel_Price,Type,Weekly_Sales_log,0.2323361083341033
Dept,Fuel_Price,CPI,1.0
Type,IsHoliday,Fuel_Price,0.007210836557412964
Fuel_Price,Type,Size_log,0.5
Dept,Type,Size_log,0.5
Type,Dept,Weekly_Sales_log,0.17116486303749212
CPI,Fuel_Price,Unemployment,1.0
Size_log,CPI,Weekly_Sales_log,1.0
IsHoliday,Fuel_Price,Weekly_Sales_log,1.0
Type,Fuel_Price,Q,0.0773881761442441
Q,Type,Weekly_Sales_log,0.18489011088182358
CPI,Weekly_Sales_log,Size_log,1.0
Size_log,Fuel_Price,CPI,1.0
IsHoliday,Type,Size_log,0.5
Fuel_Price,CPI,Weekly_Sales_log,1.0
Unemployment,Fuel_Price,Weekly_Sales_log,1.0
Size_log,Fuel_Price,Weekly_Sales_log,1.0
Type,Fuel_Price,CPI,1.0
IsHoliday,Type,Weekly_Sales_log,0.23137966299150511
CPI,IsHoliday,Q,1.0
Type,IsHoliday,Weekly_Sales_log,1.0
Fuel_Price,Unemployment,Weekly_Sales_log,1.0
Fuel_Price,Dept,Weekly_Sales_log,0.2560999170556981
CPI,Fuel_Price,Weekly_Sales_log,1.0
Weekly_Sales_log,Fuel_Price,Unemployment,1.0
CPI,Fuel_Price,Q,0.0773881761442441
Q,IsHoliday,Fuel_Price,0.006604287790697678
Unemployment,Type,Weekly_Sales_log,0.23384714268889675
Unemployment,IsHoliday,Weekly_Sales_log,1.0
CPI,Unemployment,Weekly_Sales_log,1.0
Unemployment,Fuel_Price,CPI,1.0
Dept,IsHoliday,Fuel_Price,0.007210836557412963
Dept,Fuel_Price,Q,0.0773881761442441
Dept,Weekly_Sales_log,Size_log,1.0
Q,Dept,Weekly_Sales_log,0.2160520368743286
Type,Weekly_Sales_log,Size_log,1.0
IsHoliday,Weekly_Sales_log,Size_log,1.0
Type,Fuel_Price,Unemployment,1.0
Size_log,Dept,Weekly_Sales_log,0.17116486303749212
Dept,Fuel_Price,Weekly_Sales_log,1.0
Dept,Fuel_Price,Unemployment,1.0
CPI,Weekly_Sales_log,Q,0.05500782664316602
Size_log,IsHoliday,Fuel_Price,0.007210836557412964
CPI,IsHoliday,Fuel_Price,0.007210836557412964
Unemployment,IsHoliday,Fuel_Price,0.007210836557412964
Size_log,IsHoliday,Weekly_Sales_log,1.0
Q,IsHoliday,Weekly_Sales_log,1.0
Q,Type,Size_log,0.5
IsHoliday,Fuel_Price,Q,0.09390623947764211
Type,Fuel_Price,Weekly_Sales_log,1.0
IsHoliday,Fuel_Price,Unemployment,1.0
Q,Unemployment,Weekly_Sales_log,1.0
Fuel_Price,IsHoliday,Weekly_Sales_log,1.0
Weekly_Sales_log,Type,Size_log,0.16666666666666666
Size_log,Weekly_Sales_log,Q,0.03396186179604431
Dept,Weekly_Sales_log,Q,0.07766329047804882
Unemployment,Weekly_Sales_log,Size_log,1.0
Dept,IsHoliday,Weekly_Sales_log,1.0
Dept,Type,Weekly_Sales_log,0.17704411333589293
Size_log,Fuel_Price,Q,0.0773881761442441
IsHoliday,CPI,Weekly_Sales_log,1.0
Q,Fuel_Price,Weekly_Sales_log,1.0
Q,Weekly_Sales_log,Size_log,1.0
CPI,Dept,Weekly_Sales_log,0.25684857241999315
Q,CPI,Weekly_Sales_log,1.0
Fuel_Price,IsHoliday,Q,1.0
CPI,IsHoliday,Weekly_Sales_log,1.0
Unemployment,Fuel_Price,Q,0.0773881761442441
IsHoliday,Fuel_Price,CPI,1.0
CPI,Type,Weekly_Sales_log,0.23384714268889675
Size_log,IsHoliday,Q,1.0
Fuel_Price,Weekly_Sales_log,Size_log,1.0
Unemployment,CPI,Weekly_Sales_log,1.0
Weekly_Sales_log,Fuel_Price,CPI,1.0
CPI,Type,Size_log,0.5
Dept,IsHoliday,Q,1.0
Unemployment,Dept,Weekly_Sales_log,0.25684857241999315
Type,IsHoliday,Q,1.0
Type,Unemployment,Weekly_Sales_log,1.0
Type,Weekly_Sales_log,Q,0.03396186179604431
Dept,Unemployment,Weekly_Sales_log,1.0
Unemployment,IsHoliday,Q,1.0
Unemployment,Type,Size_log,0.5
Q,Fuel_Price,CPI,1.0
Size_log,Fuel_Price,Unemployment,1.0
Unemployment,Weekly_Sales_log,Q,0.05500782664316602
Size_log,Unemployment,Weekly_Sales_log,1.0
IsHoliday,Dept,Weekly_Sales_log,0.25677496410870543
Dept,CPI,Weekly_Sales_log,1.0
Q,Fuel_Price,Unemployment,1.0
Type,CPI,Weekly_Sales_log,1.0
IsHoliday,Unemployment,Weekly_Sales_log,1.0
Weekly_Sales_log,IsHoliday,Q,1.0
